Data Komentar TIKTOK,Labeling
dok moisturizer Marina dong,
Muar bngt bila llu d beranda q,
angel tacik dok!,
Bu doktif review minuman Collagen juga dongg,
DOK COBA BRAND CAMILLE PUNYA KAK,
,
dok tolong riview skincare glowglowing,
reviuw cleora dong dok,
produl noera emang josss ini mah,
dok tiff cobba sancren glad glow dong ?,
okee gasss jadii cekottt kemarenn masii raguu' ,
cobaa SKINVU lotion dokk,
imd dong,
dok tolong riview loris beauty,
selamat kak,
Tinggal nunggu merk triyen nih,
The best noeraku ,
doktif riview Hb triyen dok,
"semangat doktif buat share2 skincare yg baik buat kita smua,sneng ih kl doktif udah share mana yg bagus dan g nya jdi g takut buat pakai nya",
dokter... coba cek HN yg original ,
"otw Hb noera,. pdhal masih pake racun doktif Hb maydooza ",
epprovvvvvv,
"dokk tolongg cek,in produk moisturizer g2g yg warna pink dok",
nyyo doktifff,
dokk omongin soal raysa clink dongg ibu aku pakai cuman gapernah liat orang lain bahas takut bahaya,
,
rekomendasi lotion spf dong doktif,
bismillah umroh,
doktif gloglowing dongg udah blom atau blum,
doktif review dong lacera,
dok coba produk myo dong,
doktif kalo kulit kering bersisik itu harus pake apa mohon dijawab,
only you doktif,
doktif coba glwo sap,
tinted sunscreen noera doktif,
alhamdulillah akhir nya di review doktif jadi gak ragu lagi next mau order kalo gitu,
Dok gimana kasus SS dan GENK sirkus ???Kita nungguin lama banget ya naik kasus nya.padahal da jelas kita menyaksikan gimana mereka ke doktif.Semangat dok sehat2 maju terus dok jgn takut sama mereka.,
waaww keren noera,
doktifff tolong review produk Lumia amoranya dong udah aman dipakek jangaka panjang atau gak? ,
spill body lotion yang mengandung titanium dioxide dong dok,
"dok cek merkuri dri cream siang jestham pleasee. kandungannya alpha arbutin, niacinamide, collagen, tapi warna creamnya kuning. kata ownernya gada merkuri.",
"stelah maju mundur mau bli,akhirnya co juga",
Aftermyskin apa Noera ya guys?,
skin 1004 dok,
Dok review Pipiqiu dong,
"dok, coba cek ella skincare. soalnya saya mau beli sunscreen nya ",
Aku hampir semua prodak noera emank sebagus itu,
Doktif review WBS kosmetik,
"pengen banget,,tapi blm bisa beli harga nya mehong",
ye udah di review doktif mari kita beli,
aman gak bumil busui,
Ga salah milih dari tahun ketahun pakai produk noera,
doktif boleh ga sih paginya pakai citra yang ada pelindung uv nyaaa,
dokk coba moisturizer yang teraglow,
klo siang gak kepanasan gak pernah keluar rumah apa ttp perlu pake sunscrean dok??,
Benr gasi berita nya?,
coba cek gemoy dok,
maryame dok priksa,
pasti mahal,
coba brand celo yang retinol dik,
NRL dok pliss soalnya Masi sering live,
dok sesekali review skincare suv,
,
aftermaykin doktifff,
Dok tolong review hadalado,
dok review jglow,
"dok aku hbis pakai itu gatel"" trs gmn yaa lanjut apa ngga?",
"bener bngt , kaloo bener pasti gak takut ️",
Menyala ownerku,
Dok plis review hb dosting Cantik Glow Body Lotion Dosting,
doktif coba hb dosting arvil dong,
Dok hb ini boleh buat busui gak ya dokter?,
Kalo retinol Daviena kak,
otw beli ah,
ijin tanya H&H doktif,
bisa buat bumil ga doktifff,
OWNER DZOOOOOOLIIIIIIIIIMMMMMMMMMMMMMMM.........!!!!!!!,
kak,
dok coba cek AHA,
"ngak pernah ketinggalan, mumpung dapat konsultasi gratis dari doktif",
doktif bahas CASTRO OIL dong.. bagus gak buat wajah,
coba artha ldt dok,
doktif coba review glow and lovely ,
bumil boleh pakai gak si,
dok coba skincare zoicy beauty dong katanya udah bpom tp blm yakin,
dok selain turunan hq kenapaa alpa arbutin gak disarankan untuk bumil dan busui?,
"inget banget ka NM bela doktif saat dikeroyok ,moga doktif bisa bela balik NM",
Bagus smua klo noera to?,
kojic planton dok,
rifiu skincare saffron dokk,
dok coba skincare anak children yang sunscreen nyaa,
tlg dong riveuw ianys produk Jepang,
"dok riview lotion BMG dong dokk
lagi viral banget soal nya ",
"Dok benrankah sdh jdi TSK, Ya allah dok berat betul ujiannya, smoga HOAXxxxxxxxx 
Dok semngat sabar kita² ada diblkng dokter, nabi muhammad aja ujiannya byk, apalgi kita umatnya,, semoga jdi ladang Jariah pembasmi kemungakaran didunia Skincarean ini dok",
legaaaa bngtttt denger ny,
mantapppp hb dosting noera emangg sebaguss ituuu,
,
doktif cobak rifyu pigeon tins,
dok untuk skincare botoga aman gak?,
aftermyskin dokk,
Dok review Nyyo skincare dong,
doktif ibelle skin dong,
usut tuntas. ss. dong jgn kasih kendor biar jera para. mafia skincare. masyarakat Indonesia sangat membutuhkan doktif,
"dok kapan nih, moisturizer glad2glow pomegranate",
"noera emg bagus si
sekalipun aku blm prnh coba tp anak2 disini banyak yg pake",
Dok sudah jadi tersangaka ya?,
assalamu'alaikum doktif tolong cek crem berryjoy dong,
dok coba aftermyskin,
aman buat bumil busui ga sih?,
ka viva whitening dong,
Gloglowing skincare dong doktif soalnya lgi bingung milih skincare pngen lepas dri skincare merkucrit  sudah 2 tahun pkek trnyata selama ini merkucrit,
dok emng pakenya cuma bole malem ya? pagi nya ga bole gitu?,
produk omg dong,
diii riview doktif kakak reree,
doktiff aku pagi siangnya pake lotionnya mama gigi yg slavina dan malamnya aku pake noera. itu gapapa kan dokk??,
deg2an ownernya,
"ayo selalu dukung doktif, karena modelan doktif begini yg speak up bener sesuai kondisi product di konoha ini banyak begalnya.",
"coba Triyen review dok, soalnya lagi laris juga di dunia HB",
hb yass beuty dok,
"rekom dong, kalo malem pakek dosting noera, bagusnya paginya pakek apa??",
Dok coba wardah yg warnah ijo itu dok,
BMG dok,
doktif review skincare glo glowing dong,
Noera whitening booster night,
g bs untuk busui ya,
Scincare JenemGlow donk,
"alhamdulillah di approve kak re jadi makin nyakin pakai produk noera, emang se gongg itu produk ini ",
dok cek Salep² yg lg viral..salep bt flek melasma dll nya,
aku mene kape CO hb noera,
cara pkenya gmna,
review yessica dong dok,
"sangat sangat senang dengan adanya doktif di indonesia raya ini, jadi lebih berhati² memilah dan memilih produk² kecantikan.",
Gue pakek itu hb dh abis 2 pot ga ada perubahannya apa gue yng salah pakek tau gmn yaa,
"Doktif review dong minuman collagen dari ""Jelitera- Lumia Amora""",
kalau Hb gemoy yg biru aman g dok,
mantul deh ,
Coba dok riview hb tryone beauty . Saya pakai kok gatel” .,
"jadi cerdas bareng doktif, makasih dok",
otw make ini ,
brand LaMooi lotion malam nya doktif,
kok ngangakui fw nya nyaman Sarah ges,
dok Hb dosting yass aman gak? udah doktif approve blum?,
"ini riview jujur kan dok no suap kan dok?
dari Maslah kmren rasanya JD susah percaya tentang riview orng""",
jd ingin pake,
mksh dok,
celo dong dok,
"coba rivew krim dr grand, terus skincare istri bagus dan skincare dr inem daster ",
Hb dosting nya aku awal pake penasaran 1 pot aku beli daaan gong lah kulitku ini,
noera emang bagus apalagi colagen nya huhuuu noera the besttt,
busui boleh pakai gak ya dok,
keren bngttttt,
bentar lagi kek nya masuk juga,
Aman buat bumil ngak dok,
Siapa yg stuju doktif uji lab hb daviena yg baru yg 27x? UP DOK PLEASE PENASARAN,
beli beli,
hb sindi coba dok,
maju terus doktif,
,
adleva dok aman nggak kandungannya,
bangga banget pakai,
apa cuman q aja ya. yg pkek Hb noera kulit makin kering dan makin hitam,
dok tolong review merek mazaya donk,
sama punya debe ..aq juga pakek aman .,
doktik cek DOJAKO dong,
Doktif minta thrnya donggg,
"akhirnya doktiif 
thankyou body lotion kecintaan ku aman dan gak over claim",
tolong cek krim malem gloglowing paket kinclong boster. kenapaa di aku krim dibagian tutup pinggir² nya molor. Trs abis berenti jadi bruntusan yg ada air nya,
jestam kk,
emina aman gak sih,
Hb arta gimana dok??,
"Yeayyyy di riview, aku mau beli deg-degan soalnya takut",
doktif adleeva,
dok tolong cek cream dari Dr.FAY,
"Sempet pengen pake ini tp galau , soalnya branding nya kurang , eh ternyata oh ternyata keren",
lewat fyp Doktif mau kasih umroh buat 10 org di akun Doktif ini. semoga ada nama ku di dlm 10 org tsb . Aaminn . Doktif lope u,
buat bumil aman gak dok?,
yeeee makin semangat pakai nya....lega deh....,
dokk coba cek bodycare arthadl dok pengen cobain yang body lotionnya,
"sunscreen nya aja bagus banget abis 3 tube,bikin glowing,dan ga kusemm",
hb triyen dok,
sunblok badan yang bagus merk ap,
IDI tolong dibina anggotanya yg berseteru sesama teman sejawat.,
"Habis dapet masalah ya review yang aman"" aja pastinya",
dok coba revew glow glowing ,
Seneng banget,
coba pigeon dong bunda doktif,
"kalau produk yang di approve ma doktif aku yang dulunya gak begitu minat dengan produk skincare,atau body lotion pemutih,paling pakai facial wash,tapi sekarang udah berani pakai skincare",
"dok, riveuw hb aftermyskin dong",
Doktif coba finally found you,
doktif coba review brand jeune fen,
dok test lab HB bizarre please,
review produk celo dok,
bisa buat bususi gak ya?,
doktef tolong banget riveiw nezma dong dok ,
tumben uji labnya gak di kasih liat,
doktif kalo sabun aftermyskin gimana,
rivyew sabun ohmayskin dok,
lagi nungguin gloglowing di review doktif,
dok review byzoe dong...,
saran dong kak mending nora atau maydoza,
jadi pengen beli,
dok review yg dari drw rejuv dan ms glow dok,
serius dok ? alhamdulillah,
Pokoknya jangan ragukan kualitas noera ,
ratu arab dokk,
dok...bener gak sih dah tersangaka..?,
hb dosting afterskin dok,
review sabun afterskin dok,
ko.dikulit aku lengaket trs agak gatel ya dok padahal pake dikit ?mohon info dok,
aman buat busui ngqk sih,
"dok, coba skincare BYZOE",
doktif coba brend the face temulawak,
klo pil ny amn g sih?,
review chalonese & youbuy juga byzoe dong dok. soalnya lg marrak. takut berbahaya sedangakan sudah meluas,
"Masya Allah dari cara bicaranya aja luar biasa sebagai seorang dokter, semoga bisa bertemu",
Serum seribu duri daviena yg baru lounching tolong di cek juga doktiv takut over klaim lagi ,
dok produk acne somebaymi dok coba dok,
"dok, coba barbei miniso dok",
"kak cek skincare barbei miniso kak, aku pengen beli itu tapi takut gak bpom",
"kata si uya ""persaingan bisnis "" .. justru karna",
kereeeeenn banget nih produk,
Hb noera besttt aku make belum seminggu udah bikin kulit cerahh lembab. ,
dari doktif kt jd tau bhn yg wajib ada di HB pagi yaitu titanium dioxide & zinc dioxide bukan titanium bahan perhiasan yg aku tahu klo ga ad doktif kita plonga plongo gaiss,
Dok coba eleora,
kalo buat pagi bagusnya apa doktif..bingung yg biar bisa melindungi dr sinar matahri,
Artha ldt dokk,
Ini yang saya tunggu2 review doktif kalau udah epprov cuss beli ,
wah mantap,
sehat selalu dokter cantikkk,
Brpa dok kalau mau endorse ke gini?,
beneerrr kulit jd haluss,
,
kakak coba body serum dsavior dong kak,
ah aku lagi make ini,
dok please review skinviera,
Dok skincare Emina dong,
aman berati buat bumil ya dok?,
"kalo produk aman ngapain owner takut, iya ga doktif, sht sll ya doktif...",
Celo dok,
"jgn cuma cek niacinamidenya dong dok. cek jg alpha arbutin,VIT c dan tranexamid acid stiap produk yg ada klaim bahan itu .",
wah conrats ka rere,
dok riview toner Marlena,
tonton ay,
mw dok,
dok...,
aftermyskin dok riviewww,
kakkkkkk,
ak pake hb yg ada niacin nya 10% trs bdn ku gtl2 banget di bbrp bagian gt artinya ga cocok kah gais? soalnya ak mrasa smenjak pake hb itu jd gtl2 banget smpe ada yg kek luka iritasi gt lanjut,
"dokkk,review fw hadalabo dongg,yg shirojyun warna biruu",
Ka rere di review doktif nih lulus,
"Mantapp owner,, Harga sesuai kwalitas Turunin harga Hb dosting ownerr ",
Aku tetap tim GLUGHAVA.. nyata ada hasil apa lagi si serum ijonya,
selamat kk,
Yeay otw beli,
emng ga salah pilih aku pake produk,
prodak Akiofit dong dok,
"sbnar nya smua sma aj dok hnya sja yg d buat sample tes k lab nya psti kndgan sesuai bpom halal aman
namun stlah tu prduk yg beredar luas ya sma aj racikan bhaya bs or racikan overclaim mna tau kita..cz kalo gag bangetu jlas untg nya psti sdkit dok",
dokk review skincare WSC donggg,
dok coba cek skincare ilrliya dong,
kenapa lengaket ya,
afterskin dok,
"""jangan tantrum kamu ya"" ",
Dok rieview,
yeyyyyy  aq pengguna smua produk noeraaaa,
,
,
gloglowing kapan?????,
Alhamdulillah ternyata hb yg aku pakek,
dok mohon cek ulang lotion Daviena,
aku Pake hb Noera sdh 1 minggu belang udah Mulai tersamarkan Noera the best,
aaahhhhhhhh approve dong Ga salah Pilih aku️,
alhamdulillah buk,
"serius demi apapun saya liat review Hb dosting noera sampai senyum"" plus jingakrak"" saking senengnya karena saya pakai Hb noera juga.",
Alhamdulilla,
dokter review produk insani donk,
skinnice dok,
Yeayy bangga banget sebagai pemakai hb noera,
ada yang mau gantiin hb noera ga?,
noera emang sebagus itu,
Yang ngerti hukum pasti paham siapa yang salah di sini,
dalet berapa dari noera,
lotion akuuuuuu,
dok.cb Hb gemoy yg biru,
HB Yass donkkkkk,
"moon maap katanya ygpunya akun ini sudah jd tersangaka ya, maaf kl saya salah",
klo sm aftermyskin bagus mana?,
spilll skincare camille dong doktiiff,
dokter riview lotion bmg dong,
Alamanda skincare dong doktif,
gloglowing dong dok,
"haloca dulu di revew doktif jg dan overclime jg tp trnyata aku malah cocok yg tdinya kecewa krna overclime tp koq cock, ujung2nya aku balik lg ke haloca ",
coba arthaldt dok,
Doktif tolong suruh klafikasi yg fyp itu dokter perri ampe skranh blm d klafikasi itu,
"doktif, tolong cek face wash hadalabo",
keren siiiiii bismillah dikirimin sedus,
approve,
dok elfisha skin dong,
wonderish punya nya irish bella doktif,
prettt,
beautetox dok,